,0,1,2,3,4
0,1,1,1,2017-10-01,21636
1,2,1,4,2018-05-12,3312
2,3,1,3,2019-02-01,11778
3,4,1,4,2019-03-11,2554
4,5,1,3,2018-09-07,4425
5,6,1,1,2017-02-02,12336
6,7,1,6,2017-04-10,32782
7,8,1,1,2017-05-02,46317
8,9,1,6,2017-06-10,2528
9,10,1,2,2017-11-06,11038
10,11,1,7,2017-05-09,106638
11,12,1,1,2019-05-01,14288
12,13,1,7,2019-05-11,917025
13,14,1,3,2017-02-02,29084
14,15,1,2,2018-05-03,17103
15,16,1,2,2018-07-07,5432
16,17,1,4,2017-11-11,158
17,18,1,1,2017-02-01,5805
18,19,1,4,2017-02-02,2496
19,20,1,4,2018-01-02,29719
20,21,1,2,2018-12-03,6624
21,22,1,4,2017-01-11,129413
22,23,1,6,2018-09-09,5825
23,24,1,4,2017-05-02,53079
24,25,1,1,2017-05-09,8266
25,26,1,5,2017-05-07,8556
26,27,1,2,2019-05-01,57619
27,28,1,1,2018-12-08,8382
28,29,1,5,2017-09-09,16275
29,30,1,2,2017-06-08,8544
30,31,1,4,2018-02-10,7964
31,32,1,4,2018-06-03,94225
32,33,1,1,2017-04-05,2556
33,34,1,1,2017-04-06,400
34,35,1,4,2018-01-10,37538
35,36,1,4,2017-10-10,215585
36,37,1,2,2017-12-03,8254
37,38,1,6,2017-09-06,1872
38,39,1,5,2017-06-07,38565
39,40,1,1,2018-06-03,123
40,41,1,1,2018-01-02,22368
41,42,1,4,2019-02-02,2394
42,43,1,5,2018-09-09,1234
43,44,1,1,2017-09-06,15158
44,45,1,2,2017-05-07,38864
45,46,1,3,2018-07-04,89424
46,47,1,2,2018-11-01,18554
47,48,1,6,2018-08-09,24208
48,49,1,4,2018-01-03,105335
49,50,1,4,2017-09-01,1851
50,51,1,3,2017-06-04,2676
51,52,1,3,2018-12-08,27912
52,53,1,4,2017-05-09,192925
53,54,1,6,2018-07-07,31745
54,55,1,5,2018-09-07,15465
55,56,1,4,2017-05-07,12117
56,57,1,4,2018-04-08,14288
57,58,1,4,2018-07-01,491
58,59,1,4,2018-04-09,4354
59,60,1,6,2019-09-03,19682
60,61,1,6,2017-08-08,543
61,62,1,2,2017-01-01,163538
62,63,1,5,2017-12-07,76
63,64,1,3,2018-11-01,10686
64,65,1,7,2017-01-11,152125
65,66,1,4,2017-01-01,10605
66,67,1,4,2018-09-07,110868
67,68,1,4,2019-03-07,1116
68,69,1,4,2019-07-05,11635
69,70,1,4,2019-05-05,9345
70,71,1,2,2018-09-03,18645
71,72,1,6,2018-08-07,3573
72,73,1,7,2018-07-10,112409
73,74,1,4,2018-05-04,58714
74,75,1,4,2017-04-06,54768
75,76,1,4,2017-11-06,7647
76,77,1,7,2017-12-03,7257
77,78,1,5,2017-08-07,49849
78,79,1,4,2017-09-06,156591
79,80,1,6,2017-06-08,559
80,81,1,5,2017-05-09,928
81,82,1,4,2017-02-09,33504
82,83,1,7,2018-08-09,2628
83,84,1,6,2018-01-08,46409
84,85,1,6,2017-05-08,2418
85,86,1,6,2019-03-07,14784
86,87,1,4,2018-08-09,46617
87,88,1,3,2017-11-10,12006
88,89,1,4,2017-04-05,8671
89,90,1,4,2018-10-05,35028
90,91,1,6,2019-02-01,1294
91,92,1,3,2018-01-03,135901
92,93,1,1,2017-06-04,656
93,94,1,3,2018-12-06,46727
94,95,1,4,2018-09-03,188255
95,96,1,4,2017-02-05,163645
96,97,1,3,2017-06-10,1782
97,98,1,2,2017-09-01,27272
98,99,1,1,2019-07-05,77445
99,100,1,4,2017-07-11,6048
100,101,1,5,2017-09-06,4464
101,102,1,8,2017-04-10,24672
102,103,1,5,2018-09-03,10059
103,104,1,8,2017-12-03,4486
104,105,1,8,2018-01-08,43111
105,106,1,1,2018-02-11,119
106,107,1,1,2017-07-11,235
107,108,1,2,2018-09-07,19698
108,109,1,1,2018-12-03,50346
109,110,1,7,2017-10-01,5096
110,111,1,1,2018-01-10,6445
111,112,1,1,2017-06-07,3736
112,113,1,8,2017-09-01,3856
113,114,1,3,2019-03-07,57568
114,115,1,1,2017-01-01,8253
115,116,1,1,2017-08-07,12045
116,117,1,8,2017-02-05,1686
117,118,1,8,2018-09-09,22902
118,119,1,5,2019-02-11,9201
119,120,1,8,2019-03-03,13421
120,121,1,1,2017-05-08,11957
121,122,1,5,2019-05-11,1275
122,123,1,2,2019-07-05,88725
123,124,1,1,2019-02-11,2676
124,125,1,5,2017-05-02,14695
125,126,1,1,2018-11-12,22992
126,127,1,2,2017-01-11,5877
127,128,1,5,2019-06-11,75075
128,129,1,8,2017-09-06,15444
129,130,1,3,2017-12-07,801
130,131,1,1,2019-03-11,10296
131,132,1,2,2018-07-01,8132
132,133,1,2,2018-07-11,35116
133,134,1,7,2019-09-03,55114
134,135,1,8,2017-04-05,109032
135,136,1,5,2017-07-11,5498
136,137,1,8,2019-02-02,432
137,138,1,1,2018-05-03,3882
138,139,1,1,2018-01-03,28319
139,140,1,2,2018-02-10,24339
140,141,1,2,2017-06-10,97215
141,142,1,2,2017-06-07,1596
142,143,1,5,2018-07-11,10416
143,144,1,7,2017-02-01,389433
144,145,1,2,2017-09-09,100979
145,146,1,5,2020-06-01,38448
146,147,1,2,2017-10-10,24519
147,148,1,4,2017-06-10,1419
148,149,1,5,2020-02-02,1848
149,150,1,3,2018-08-03,36096
150,151,1,4,2017-09-04,44736
151,152,1,1,2018-04-07,31354
152,153,1,1,2017-12-07,1678
153,154,1,1,2019-05-05,67035
154,155,1,5,2018-02-03,47625
155,156,1,6,2018-12-08,2376
156,157,1,2,2018-12-06,233346
157,158,1,1,2018-04-09,3405
158,159,1,8,2018-01-03,7275
159,160,1,1,2019-01-05,11645
160,161,1,4,2019-04-09,77116
161,162,1,2,2017-05-02,5655
162,163,1,5,2019-05-01,148969
163,164,1,5,2020-06-03,82694
164,165,1,6,2018-09-03,31165
165,166,1,3,2019-03-03,83812
166,167,1,8,2018-08-07,1612
167,168,1,7,2020-02-02,12096
168,169,1,2,2019-03-11,22302
169,170,1,5,2018-12-03,3528
170,171,1,2,2019-04-09,7139
171,172,1,1,2017-10-10,124752
172,173,1,2,2018-01-08,44726
173,174,1,1,2018-07-10,51177
174,175,1,2,2018-07-04,210772
175,176,1,8,2019-03-07,958
176,177,1,6,2018-02-10,1656
177,178,1,6,2017-02-09,42912
178,179,1,7,2018-07-01,256144
179,180,1,1,2017-06-10,5238
180,181,1,6,2017-07-11,121
181,182,1,5,2018-11-12,58
182,183,1,1,2018-07-07,4718
183,184,1,2,2018-11-11,59128
184,185,1,3,2019-04-09,152418
185,186,5,2,2018-11-03,22976
186,187,5,2,2018-06-04,130829
187,188,5,2,2019-10-03,6111
188,189,5,4,2017-02-01,44325
189,190,5,4,2018-05-07,21071
190,191,5,4,2018-03-07,399161
191,192,5,5,2019-06-03,473
192,193,5,7,2017-01-09,29832
193,194,5,4,2019-06-07,13412
194,195,5,4,2018-09-06,20808
195,196,5,4,2018-11-08,23678
196,197,5,4,2018-06-06,29937
197,198,5,5,2017-12-01,406
198,199,5,4,2019-06-03,8717
199,200,5,4,2018-12-06,1099
200,201,5,5,2019-04-02,4284
201,202,5,4,2019-04-02,6219
202,203,5,2,2019-04-07,113115
203,204,5,5,2018-03-03,48688
204,205,5,5,2019-01-01,9537
205,206,5,3,2019-11-01,3996
206,207,5,5,2018-11-08,31665
207,208,5,4,2017-09-12,4107
208,209,5,3,2018-11-03,51298
209,210,5,4,2018-06-04,1656
210,211,5,4,2019-02-04,166859
211,212,5,4,2019-04-11,12317
212,213,5,4,2018-04-11,656
213,214,5,5,2019-11-01,1955
214,215,5,4,2019-11-01,373
215,216,5,5,2019-05-06,821
216,217,5,2,2019-04-08,955
217,218,5,2,2017-01-09,93585
218,219,5,2,2019-02-04,8074
219,220,5,4,2019-10-03,1894
220,221,5,2,2017-05-09,73848
221,222,5,2,2018-11-08,14275
222,223,5,5,2017-09-11,6234
223,224,5,2,2019-04-02,4524
224,225,5,4,2019-05-06,1542
225,226,5,2,2018-05-07,35574
226,227,5,5,2018-09-06,4092
227,228,5,2,2017-09-12,7285
228,229,5,5,2017-01-09,2193
229,230,5,2,2017-12-01,47616
230,231,5,5,2017-05-09,39859
231,232,5,5,2017-03-05,12224
232,233,5,6,2017-09-11,8393
233,234,5,7,2019-04-02,104475
234,235,5,7,2017-02-01,8136
235,236,5,1,2019-10-03,2802
236,237,5,7,2019-02-04,47516
237,238,5,7,2018-06-06,40304
238,239,5,4,2017-03-05,4335
239,240,5,4,2018-06-01,56955
240,241,5,7,2019-06-07,27288
241,242,5,4,2018-11-03,109085
242,243,5,8,2017-03-05,2143
243,244,5,3,2018-06-04,9918
244,245,5,1,2019-05-06,5226
245,246,5,8,2019-04-08,62325
246,247,5,3,2017-09-12,37165
247,248,5,3,2017-12-01,28704
248,249,5,8,2019-02-04,12621
249,250,5,3,2019-04-02,19176
250,251,5,1,2018-06-04,9216
251,252,5,1,2019-06-07,184
252,253,5,6,2019-11-01,3666
253,254,5,1,2017-04-06,262
254,255,5,1,2017-01-05,277116
255,256,5,1,2018-05-07,77528
256,257,5,1,2019-01-01,13776
257,258,5,7,2019-04-11,208904
258,259,5,4,2017-04-06,469
259,260,5,4,2019-04-07,11416
260,261,5,4,2019-01-03,81278
261,262,5,3,2017-01-06,41469
262,263,5,4,2019-04-08,12225
263,264,8,4,2019-05-09,22725
264,265,8,6,2017-05-09,79041
265,266,8,5,2018-01-04,16005
266,267,8,4,2018-04-10,4158
267,268,8,6,2019-01-08,20394
268,269,8,7,2018-11-05,303072
269,270,8,2,2019-11-03,134112
270,271,8,3,2017-03-08,3874
271,272,8,4,2018-12-01,9417
272,273,8,7,2018-12-03,264201
273,274,8,3,2018-11-03,132191
274,275,8,1,2019-01-04,829
275,276,8,1,2018-04-07,4254
276,277,8,1,2018-11-05,11068
277,278,8,5,2018-01-02,151
278,279,8,1,2018-12-04,10128
279,280,8,2,2017-09-02,83733
280,281,8,2,2018-01-02,374
281,282,8,4,2018-12-04,4315
282,283,8,1,2017-11-05,141904
283,284,8,4,2019-05-02,39845
284,285,8,1,2019-01-08,294545
285,286,8,4,2018-01-04,39204
286,287,8,3,2017-09-06,117176
287,288,8,1,2018-09-06,601
288,289,8,5,2018-11-05,47
289,290,8,6,2019-04-10,4426
290,291,8,6,2018-09-06,41423
291,292,8,3,2017-11-05,35494
292,293,8,4,2019-03-04,69345
293,294,8,7,2017-09-09,5641
294,295,8,4,2019-11-03,3168
295,296,8,5,2017-06-03,13698
296,297,8,4,2018-10-04,10644
297,298,8,2,2017-03-08,10906
298,299,8,1,2017-04-09,8124
299,300,8,4,2018-05-04,11298
300,301,8,5,2017-06-07,270
301,302,8,3,2017-04-01,102625
302,303,8,5,2018-11-06,16652
303,304,8,4,2018-08-04,5652
304,305,8,2,2018-04-12,5476
305,306,8,5,2019-01-04,27606
306,307,8,7,2018-01-04,110418
307,308,8,1,2017-06-11,61727
308,309,8,1,2018-04-12,1675
309,310,8,2,2018-04-10,11504
310,311,8,2,2018-11-08,2139
311,312,8,1,2018-09-03,906
312,313,8,1,2018-03-12,4656
313,314,8,8,2019-05-02,66938
314,315,8,8,2018-04-08,39728
315,316,8,1,2018-10-11,94572
316,317,8,1,2018-05-04,2643
317,318,8,1,2019-03-12,11763
318,319,8,5,2019-11-03,8145
319,320,8,3,2017-01-08,6048
320,321,8,5,2018-04-02,32454
321,322,8,8,2019-06-06,8468
322,323,8,5,2018-04-12,11575
323,324,8,2,2018-04-01,221496
324,325,8,4,2017-01-08,8463
325,326,8,2,2019-01-03,47964
326,327,8,5,2018-11-03,804
327,328,8,5,2017-04-12,16625
328,329,8,5,2017-01-08,1502
329,330,8,1,2018-08-04,62988
330,331,8,8,2018-10-04,28506
331,332,8,3,2017-02-05,268
332,333,8,2,2018-03-01,1445619
333,334,8,2,2017-12-11,44928
334,335,8,7,2018-12-01,11297
335,336,8,2,2018-10-01,237744
336,337,8,4,2017-03-08,4277
337,338,8,7,2019-01-04,80696
338,339,8,2,2018-11-03,13621
339,340,8,5,2018-10-04,5076
340,341,8,5,2018-11-03,256724
341,342,8,1,2017-12-11,3699
342,343,8,2,2019-02-07,87948
343,344,8,2,2018-10-09,65052
344,345,8,8,2017-01-08,14457
345,346,8,1,2018-11-03,642
346,347,8,2,2018-12-07,28935
347,348,8,1,2018-12-07,175266
348,349,8,6,2018-11-03,30247
349,350,8,4,2017-01-09,5652
350,351,8,5,2017-06-11,4761
351,352,8,7,2017-04-12,3453
352,353,8,6,2018-04-08,1542
353,354,8,4,2018-10-09,11081
354,355,8,5,2018-01-04,66682
355,356,8,5,2018-10-06,11318
356,357,8,3,2018-02-02,143172
357,358,8,6,2017-06-08,26565
358,359,8,4,2018-03-01,42069
359,360,8,1,2018-02-01,81219
360,361,8,4,2020-05-01,46092
361,362,8,1,2018-11-03,562834
362,363,8,4,2018-09-06,477834
363,364,8,2,2018-08-04,145669
364,365,8,3,2018-12-04,12459
365,366,8,5,2018-05-04,2011
366,367,8,6,2018-06-03,10165
367,368,8,7,2018-02-01,403163
368,369,8,7,2018-10-11,10652
369,370,8,7,2017-03-08,19416
370,371,8,4,2018-11-08,2334
371,372,8,4,2018-11-03,176761
372,373,8,4,2017-04-09,18165
373,374,8,5,2019-04-10,2244
374,375,8,7,2017-07-02,97852
375,376,8,2,2017-04-01,5025
376,377,8,4,2017-05-09,37145
377,378,8,6,2017-01-08,2528
378,379,8,2,2018-05-04,3954
379,380,8,4,2017-06-07,9171
380,381,8,5,2018-03-01,73968
381,382,8,2,2018-01-04,21632
382,383,8,2,2018-04-07,2124
383,384,8,4,2017-09-09,53805
384,385,8,2,2019-03-04,96775
385,386,8,4,2019-10-03,149407
386,387,8,4,2017-06-08,4401
387,388,8,4,2017-11-05,16892
388,389,8,5,2019-04-07,2828
389,390,8,5,2018-12-07,5049
390,391,8,4,2019-02-07,32442
391,392,8,4,2017-06-03,62256
392,393,8,1,2017-05-09,24526
393,394,8,5,2017-03-08,6735
394,395,8,3,2018-01-04,3123
395,396,8,5,2019-01-05,11535
396,397,8,6,2017-01-09,118
397,398,8,3,2018-06-03,188425
398,399,8,8,2018-11-03,190474
399,400,8,1,2018-06-03,3155
400,401,8,5,2019-05-09,10511
401,402,8,4,2018-10-01,17808
402,403,8,1,2019-05-09,53291
403,404,8,4,2019-05-11,44277
404,405,8,1,2017-09-06,22885
405,406,8,1,2019-11-03,5051
406,407,8,1,2017-09-02,3513
407,408,8,5,2017-02-05,3908
408,409,8,1,2019-05-02,27374
409,410,8,5,2018-12-03,3013
410,411,8,7,2017-04-09,3216
411,412,8,8,2018-03-12,30856
412,413,8,2,2018-12-04,201
413,414,8,1,2018-04-01,1912
414,415,8,1,2018-12-01,39012
415,416,8,5,2019-01-08,1026
416,417,8,2,2020-05-01,95475
417,418,8,6,2017-11-05,10005
418,419,8,3,2020-06-01,2934
419,420,8,5,2018-09-06,37958
420,421,8,1,2018-02-02,4476
421,422,8,7,2018-08-04,1356
422,423,8,4,2018-01-04,2491
423,424,8,2,2018-11-05,6033
424,425,8,3,2017-07-02,8102
425,426,8,4,2018-12-07,502
426,427,8,3,2018-04-10,90802
427,428,8,1,2018-11-08,2618
428,429,8,1,2020-05-01,1829
429,430,8,4,2018-02-01,304781
430,431,8,1,2020-06-01,218606
431,432,4,7,2017-08-07,19958
432,433,4,7,2017-02-08,647528
433,434,4,7,2018-08-07,556985
434,435,4,2,2017-07-07,4375512
435,436,4,2,2018-01-03,1554
436,437,4,3,2018-10-03,97704
437,438,4,3,2019-05-03,67592
438,439,4,7,2019-06-04,13944
439,440,4,7,2019-04-12,189224
440,441,4,3,2018-05-06,7272
441,442,4,3,2018-10-08,7632
442,443,4,3,2018-10-03,743
443,444,4,7,2018-03-03,220644
444,445,4,3,2017-03-06,13125
445,446,4,2,2019-07-01,396743
446,447,4,3,2018-12-03,929
447,448,4,7,2019-04-03,169256
448,449,4,7,2018-11-07,1108
449,450,4,2,2017-06-03,823779
450,451,4,3,2017-12-01,57353
451,452,4,2,2017-12-01,17164
452,453,4,2,2019-03-02,14784
453,454,4,7,2017-10-07,21524
454,455,4,2,2017-03-05,63568
455,456,4,2,2019-07-05,519036
456,457,4,7,2018-12-12,155312
457,458,4,3,2017-02-08,3816
458,459,4,7,2017-08-09,40421
459,460,4,2,2018-05-06,163643
460,461,4,2,2018-11-01,7548
461,462,4,3,2018-12-03,955
462,463,4,4,2018-04-01,3108
463,464,4,6,2018-09-08,8742
464,465,4,6,2018-07-08,169
465,466,4,4,2018-12-03,2175
466,467,4,5,2018-03-08,3813
467,468,4,6,2018-08-07,44135
468,469,4,4,2017-08-09,12134
469,470,4,4,2017-03-05,69713
470,471,4,4,2018-10-03,20307
471,472,4,4,2018-08-07,301554
472,473,4,6,2017-07-08,256
473,474,4,4,2017-07-07,575029
474,475,4,4,2017-01-09,1482
475,476,4,4,2019-02-08,2478
476,477,4,5,2019-03-03,35154
477,478,4,5,2018-12-03,77096
478,479,4,4,2017-11-08,5562
479,480,4,4,2018-01-08,885
480,481,4,4,2019-05-08,3168
481,482,4,5,2017-02-08,4968
482,483,4,4,2018-07-08,30222
483,484,4,6,2017-02-08,61057
484,485,4,4,2017-02-08,6066
485,486,4,6,2017-07-07,51681
486,487,4,5,2017-08-07,28026
487,488,4,4,2017-08-07,22461
488,489,4,4,2018-11-07,12012
489,490,4,6,2017-10-07,1926
490,491,4,1,2017-08-11,2772
491,492,4,1,2019-03-02,2788
492,493,4,8,2017-01-09,48564
493,494,4,8,2019-03-02,873
494,495,4,1,2018-08-11,42824
495,496,4,8,2017-08-07,6332
496,497,4,8,2018-09-08,89276
497,498,4,1,2019-05-03,12586
498,499,4,1,2019-04-03,20223
499,500,4,8,2018-12-03,25686
500,501,4,1,2017-01-05,2552
501,502,4,1,2018-12-03,2004
502,503,4,1,2018-12-03,3285
503,504,4,1,2017-12-01,18906
504,505,4,1,2018-07-02,42498
505,506,4,1,2018-04-01,3815
506,507,4,1,2018-11-03,41965
507,508,4,4,2017-03-06,156888
508,509,4,1,2018-11-01,39396
509,510,4,6,2019-06-10,12802
510,511,4,6,2019-07-05,186
511,512,4,8,2018-10-03,10437
512,513,4,1,2017-03-05,9355
513,514,4,1,2017-01-09,5045
514,515,4,1,2017-12-08,8406
515,516,4,1,2019-02-08,17507
516,517,4,5,2018-08-07,24475
517,518,4,5,2018-05-06,16188
518,519,4,4,2019-02-02,91349
519,520,4,5,2017-07-07,180096
520,521,4,4,2017-04-03,20925
521,522,4,5,2018-07-08,131813
522,523,4,4,2017-04-12,35688
523,524,4,4,2018-12-03,54038
524,525,4,5,2018-11-03,25128
525,526,4,4,2018-01-03,15152
526,527,4,5,2017-05-01,9426
527,528,4,5,2017-11-08,37387
528,529,4,4,2018-01-10,3426
529,530,4,4,2019-03-03,49928
530,531,4,5,2019-06-04,29355
531,532,4,4,2019-03-12,85852
532,533,4,5,2020-07-03,5842
533,534,4,4,2019-04-11,3633
534,535,4,4,2018-10-03,13619
535,536,4,5,2017-03-06,2255
536,537,4,5,2019-07-05,9672
537,538,4,2,2017-08-09,1974
538,539,4,2,2017-08-11,129415
539,540,4,2,2017-11-08,19815
540,541,4,4,2019-06-04,1572
541,542,4,4,2018-11-01,10524
542,543,4,4,2018-03-03,2085
543,544,4,5,2018-04-01,928
544,545,4,2,2018-01-10,13288
545,546,4,5,2018-01-08,38
546,547,4,5,2018-07-02,2164
547,548,4,2,2018-09-08,60063
548,549,4,2,2017-06-10,1039878
549,550,4,2,2018-10-08,21768
550,551,3,3,2017-04-05,68352
551,552,3,5,2018-03-03,16914
552,553,3,3,2018-08-03,18673
553,554,3,3,2017-08-01,3654
554,555,3,6,2019-01-10,17848
555,556,3,6,2019-07-10,23016
556,557,3,3,2018-03-05,29916
557,558,3,6,2017-02-06,27216
558,559,3,8,2018-02-07,312302
559,560,3,8,2019-03-10,125415
560,561,3,3,2017-04-12,13936
561,562,3,8,2018-09-06,891
562,563,3,5,2017-08-01,13505
563,564,3,5,2018-12-02,6344
564,565,3,5,2019-06-11,1314
565,566,3,3,2017-05-09,19782
566,567,3,8,2019-05-11,84798
567,568,3,5,2018-02-02,56621
568,569,3,8,2018-11-12,176985
569,570,3,8,2018-12-07,2487
570,571,3,3,2017-08-07,5684
571,572,3,5,2018-09-11,10647
572,573,3,3,2019-05-11,115057
573,574,3,5,2018-05-02,1576
574,575,3,3,2019-07-10,344
575,576,3,8,2017-12-11,8896
576,577,3,8,2017-08-01,33597
577,578,3,5,2017-04-05,6835
578,579,3,3,2018-06-03,13671
579,580,3,5,2019-07-03,9528
580,581,3,5,2018-09-08,21505
581,582,3,5,2018-01-04,27891
582,583,3,6,2017-07-01,14096
583,584,3,5,2019-07-10,17802
584,585,3,5,2018-08-08,2598
585,586,3,3,2018-01-08,23075
586,587,3,5,2019-03-10,11452
587,588,3,5,2018-09-10,167934
588,589,3,5,2018-07-10,21252
589,590,3,3,2018-05-02,10845
590,591,3,5,2019-06-08,4116
591,592,3,5,2018-03-07,19152
592,593,3,3,2018-07-01,15604
593,594,3,3,2018-01-03,354
594,595,3,5,2018-12-07,136444
595,596,3,5,2018-02-07,6174
596,597,3,6,2018-08-03,13356
597,598,3,6,2018-01-11,3801
598,599,3,5,2018-03-11,348
599,600,3,6,2018-05-09,36008
600,601,3,6,2018-09-10,13932
601,602,3,5,2018-01-11,141181
602,603,3,3,2019-01-10,299696
603,604,3,6,2018-07-10,1158
604,605,3,6,2019-05-09,10913
605,606,3,6,2017-05-11,3265
606,607,3,5,2018-01-08,33482
607,608,3,6,2018-10-01,3351
608,609,3,6,2018-02-07,77112
609,610,3,5,2018-03-05,17502
610,611,3,6,2017-08-01,17952
611,612,3,3,2018-07-04,14548
612,613,3,6,2017-08-08,70708
613,614,3,3,2018-10-02,145464
614,615,3,6,2018-02-02,58598
615,616,3,7,2018-08-03,1192335
616,617,3,2,2018-10-01,417906
617,618,3,2,2018-11-12,1778388
618,619,3,2,2018-06-03,529376
619,620,3,2,2018-03-05,44143
620,621,3,2,2017-06-03,84216
621,622,3,2,2017-03-05,72888
622,623,3,4,2018-09-11,1134
623,624,3,4,2018-05-09,90546
624,625,3,4,2017-04-08,25386
625,626,3,4,2017-02-06,67266
626,627,3,4,2018-02-03,289923
627,628,3,4,2019-06-11,2949
628,629,3,7,2017-05-03,3756
629,630,3,4,2017-06-09,80249
630,631,3,4,2017-10-03,84765
631,632,3,4,2018-10-01,11208
632,633,3,2,2017-02-06,24076
633,634,3,2,2017-12-02,2761
634,635,3,1,2018-03-05,21036
635,636,3,2,2019-06-11,1349
636,637,3,7,2018-08-08,52136
637,638,3,1,2018-07-02,11874
638,639,3,1,2018-06-03,1995
639,640,3,4,2018-05-02,15517
640,641,3,4,2017-08-01,37386
641,642,3,2,2018-06-03,655131
642,643,3,1,2018-10-02,7204
643,644,3,2,2017-07-01,1428134
644,645,3,1,2017-07-01,139243
645,646,3,4,2018-06-03,108894
646,647,3,2,2018-01-03,1852
647,648,3,2,2018-02-03,201096
648,649,3,2,2017-10-03,93786
649,650,3,1,2018-02-02,36288
650,651,3,1,2018-12-02,193116
651,652,3,2,2017-08-02,8250
652,653,3,2,2018-07-04,2952
653,654,3,2,2018-06-07,114198
654,655,3,4,2018-07-04,1206
655,656,3,2,2018-09-06,6502
656,657,3,4,2019-07-03,9339
657,658,3,1,2017-06-09,12276
658,659,3,7,2018-06-03,15509
659,660,3,2,2019-07-03,53825
660,661,3,1,2018-06-04,19706
661,662,3,4,2018-12-07,1155
662,663,3,4,2017-07-01,509
663,664,3,1,2018-11-12,182644
664,665,3,4,2018-03-07,64578
665,666,3,2,2017-08-08,2752
666,667,3,1,2017-10-03,146265
667,668,3,7,2017-11-01,28656
668,669,3,1,2017-05-11,2334
669,670,3,1,2019-03-10,199275
670,671,3,4,2019-03-10,7095
671,672,3,4,2017-12-02,57046
672,673,3,1,2019-01-10,331584
673,674,3,2,2018-12-02,74
674,675,3,4,2018-02-02,180096
675,676,3,1,2019-05-09,14672
676,677,3,1,2018-01-04,1044
677,678,3,2,2017-06-09,168328
678,679,3,1,2018-09-08,5588
679,680,3,4,2018-03-05,97308
680,681,3,4,2018-01-11,20404
681,682,3,1,2018-06-07,993
682,683,3,4,2017-10-02,82032
683,684,3,7,2017-03-05,32541
684,685,3,4,2017-05-09,87182
685,686,3,7,2019-06-11,189045
686,687,3,4,2017-12-11,36096
687,688,3,2,2017-05-09,14301
688,689,3,4,2018-11-12,1746
689,690,3,1,2018-09-11,68296
690,691,3,7,2017-06-09,227758
691,692,3,4,2019-04-05,165738
692,693,3,1,2018-01-11,56575
693,694,2,2,2017-07-11,3897
694,695,2,2,2018-07-08,154618
695,696,2,2,2018-04-01,14484
696,697,2,6,2018-11-10,1312
697,698,2,5,2019-02-03,529
698,699,2,4,2018-11-10,2002
699,700,2,4,2017-08-01,263063
700,701,2,6,2017-08-07,848
701,702,2,6,2017-05-08,1935
702,703,2,2,2018-07-11,1306
703,704,2,5,2018-04-01,1603
704,705,2,2,2017-12-10,16336
705,706,2,7,2018-04-01,71208
706,707,2,4,2018-07-11,34654
707,708,2,7,2017-03-03,3753
708,709,2,3,2017-08-10,1404
709,710,2,6,2017-02-03,1985
710,711,2,5,2017-08-10,34344
711,712,2,4,2017-01-02,48075
712,713,2,5,2017-10-09,1456
713,714,2,7,2017-12-10,393122
714,715,2,1,2017-11-05,66
715,716,2,7,2019-02-03,18389
716,717,2,5,2017-04-08,861
717,718,2,1,2017-12-10,959
718,719,2,4,2019-02-03,7245
719,720,2,7,2017-08-01,2118
720,721,2,4,2019-03-03,13542
721,722,2,1,2019-02-03,12989
722,723,2,5,2017-05-08,4392
723,724,2,6,2017-07-11,56438
724,725,2,1,2017-03-03,18744
725,726,2,7,2017-05-08,3693
726,727,2,6,2017-08-10,6355
727,728,2,4,2017-05-08,9576
728,729,2,2,2019-03-03,54864
729,730,2,6,2017-10-09,7959
730,731,2,4,2017-07-11,168235
731,732,2,5,2017-08-07,6165
732,733,2,4,2018-07-08,47538
733,734,2,6,2018-07-11,3498
734,735,2,1,2017-08-01,2036
735,736,7,4,2017-06-07,130768
736,737,7,5,2018-10-08,1616
737,738,7,4,2018-11-08,8514
738,739,7,4,2017-05-08,7905
739,740,7,5,2019-05-07,1281
740,741,7,4,2018-08-10,2796
741,742,7,5,2018-12-10,70329
742,743,7,4,2018-12-10,2654
743,744,7,5,2017-12-10,18078
744,745,7,4,2019-02-10,93594
745,746,7,4,2018-10-08,34782
746,747,7,4,2017-01-02,1341
747,748,7,5,2018-10-07,17963
748,749,7,4,2017-05-02,8663
749,750,7,4,2017-07-11,2736
750,751,7,4,2017-12-08,72959
751,752,7,5,2018-03-08,44415
752,753,7,5,2019-02-07,4452
753,754,7,5,2018-11-07,152049
754,755,7,5,2017-12-08,17204
755,756,7,4,2017-09-11,15656
756,757,7,4,2019-04-03,9893
757,758,7,5,2017-01-09,3296
758,759,7,4,2019-07-03,16554
759,760,7,4,2018-10-07,75495
760,761,7,1,2018-10-08,416
761,762,7,6,2017-01-09,4166
762,763,7,1,2018-11-07,21832
763,764,7,1,2018-03-08,12345
764,765,7,1,2019-02-07,15981
765,766,7,1,2018-04-07,13856
766,767,7,1,2018-12-07,26775
767,768,7,1,2018-04-06,55005
768,769,7,1,2019-01-09,28512
769,770,7,1,2018-02-06,31392
770,771,7,6,2018-06-10,15906
771,772,7,6,2019-02-10,10794
772,773,7,1,2019-07-07,5236
773,774,7,6,2018-02-11,10676
774,775,7,8,2017-06-09,43356
775,776,7,8,2017-06-03,8293
776,777,7,8,2017-06-07,23958
777,778,7,1,2017-02-10,32856
778,779,7,1,2018-12-03,3858
779,780,7,1,2018-05-10,2756
780,781,7,8,2017-05-09,2415
781,782,7,1,2018-04-10,5434
782,783,7,8,2017-01-09,75024
783,784,7,1,2019-04-03,2772
784,785,7,8,2017-09-09,13464
785,786,7,8,2017-02-07,7464
786,787,7,1,2018-02-03,13689
787,788,7,1,2018-12-02,1296
788,789,7,1,2017-07-07,44275
789,790,7,1,2018-05-12,7579
790,791,7,1,2018-09-02,14448
791,792,7,4,2017-06-09,2508
792,793,7,4,2017-09-09,2054
793,794,7,4,2019-04-08,2092
794,795,7,4,2018-12-03,261858
795,796,7,4,2018-06-01,87801
796,797,7,4,2017-01-09,12135
797,798,7,4,2017-01-06,11589
798,799,7,5,2019-04-07,72432
799,800,7,6,2018-04-07,12285
800,801,7,4,2019-07-07,23145
801,802,7,4,2019-06-07,48384
802,803,7,4,2019-05-07,3753
803,804,7,1,2018-07-04,17332
804,805,7,6,2018-02-08,117
805,806,7,6,2017-02-07,10233
806,807,7,6,2018-12-10,5545
807,808,7,1,2019-07-03,1944
808,809,7,6,2018-04-10,79
809,810,7,1,2017-01-02,12304
810,811,7,6,2018-08-10,3828
811,812,7,1,2018-12-03,17226
812,813,7,1,2019-08-01,119136
813,814,7,1,2019-05-01,5091
814,815,7,6,2018-05-10,1942
815,816,7,6,2019-05-07,2889
816,817,7,6,2017-12-08,18288
817,818,7,6,2019-02-07,8673
818,819,7,1,2018-12-01,6519
819,820,7,4,2018-07-04,6715
820,821,7,6,2019-06-09,11928
821,822,7,3,2018-10-02,61215
822,823,7,7,2017-10-09,32788
823,824,7,2,2019-07-03,486
824,825,7,2,2018-10-02,41923
825,826,7,2,2017-06-11,19797
826,827,7,2,2018-06-10,6868
827,828,7,5,2019-06-12,9293
828,829,7,2,2019-04-03,329856
829,830,7,3,2018-12-03,21288
830,831,7,2,2019-06-06,2074
831,832,7,5,2018-12-01,65325
832,833,7,3,2017-07-11,419
833,834,7,7,2017-01-06,2745
834,835,7,5,2017-11-01,64346
835,836,7,5,2019-10-03,116325
836,837,7,3,2018-04-06,7329
837,838,7,2,2018-11-08,426195
838,839,7,2,2017-02-10,1053
839,840,7,3,2019-08-01,18156
840,841,7,5,2017-07-11,11595
841,842,7,7,2017-05-02,57708
842,843,7,2,2018-03-08,11652
843,844,7,2,2017-10-10,277421
844,845,7,2,2018-12-02,156576
845,846,7,4,2018-12-03,6874
846,847,7,3,2018-11-07,648
847,848,7,5,2017-09-11,145875
848,849,7,3,2018-09-02,41636
849,850,7,7,2018-05-12,313335
850,851,7,3,2018-12-07,285
851,852,7,5,2018-07-04,13245
852,853,7,7,2019-01-09,378
853,854,7,2,2017-11-01,68796
854,855,7,7,2019-08-01,47174
855,856,7,3,2018-02-03,196416
856,857,7,2,2017-01-09,6972
857,858,7,3,2018-05-10,1801
858,859,7,3,2018-12-01,7758
859,860,7,2,2019-06-09,16422
860,861,7,4,2019-06-09,459
861,862,7,4,2017-12-10,8829
862,863,7,3,2017-05-02,43544
863,864,7,4,2019-06-12,52858
864,865,7,3,2019-07-07,8264
865,866,7,4,2019-01-09,42001
866,867,7,3,2019-06-09,9108
867,868,7,3,2018-10-08,42302
868,869,7,5,2017-10-09,17552
869,870,7,2,2017-06-03,297022
870,871,7,7,2017-07-07,78675
871,872,7,2,2017-01-07,22498
872,873,7,4,2018-02-11,2305
873,874,7,4,2018-09-02,33912
874,875,7,4,2018-10-02,528
875,876,7,5,2017-02-10,867
876,877,7,4,2018-12-02,6755
877,878,7,7,2018-12-01,256329
878,879,7,5,2019-01-09,368334
879,880,7,7,2018-02-08,6309
880,881,7,4,2019-05-01,17125
881,882,7,3,2018-03-08,912
882,883,7,7,2017-01-07,18572
883,884,7,3,2019-06-12,20045
884,885,7,3,2018-06-01,7644
885,886,7,3,2018-08-10,159546
886,887,7,7,2017-06-03,360272
887,888,7,7,2017-11-01,177219
888,889,7,2,2019-04-07,6105
889,890,7,3,2017-06-03,256301
890,891,7,4,2017-10-10,62244
891,892,7,5,2018-06-01,95376
892,893,7,4,2018-06-10,2018
893,894,7,7,2019-07-03,16416
894,895,7,7,2019-05-07,24612
895,896,7,3,2019-05-07,12136
896,897,7,2,2018-05-12,188925
897,898,6,7,2018-08-02,22051
898,899,6,6,2017-11-10,4104
899,900,6,6,2019-02-09,64337
900,901,6,3,2017-11-06,5775
901,902,6,1,2017-02-06,2414
902,903,6,1,2019-04-02,45471
903,904,6,1,2018-03-09,19425
904,905,6,3,2019-03-07,15522
905,906,6,8,2019-03-02,1638
906,907,6,1,2019-03-02,5163
907,908,6,3,2018-03-03,46494
908,909,6,1,2017-11-10,206
909,910,6,7,2018-11-07,1007475
910,911,6,7,2018-10-07,34755
911,912,6,1,2018-03-03,60921
912,913,6,1,2017-04-10,2011
913,914,6,7,2018-10-01,13155
914,915,6,8,2018-03-07,8788
915,916,6,7,2018-03-03,203343
916,917,6,1,2019-03-07,10662
917,918,6,3,2019-01-06,53986
918,919,6,7,2018-09-08,9298
919,920,6,1,2018-10-07,12768
920,921,6,1,2019-01-06,3336
921,922,6,7,2018-10-02,63069
922,923,6,1,2017-11-06,130555
923,924,6,1,2018-09-08,21488
924,925,6,7,2019-03-02,3588
925,926,6,5,2020-04-01,838
926,927,6,6,2018-10-07,803
927,928,6,2,2019-04-02,87182
928,929,6,5,2019-03-07,9618
929,930,6,2,2020-04-01,31648
930,931,6,5,2018-03-06,20654
931,932,6,4,2018-03-09,55585
932,933,6,4,2018-10-01,4225
933,934,6,4,2018-02-09,55188
934,935,6,4,2017-05-08,1984
935,936,6,5,2018-10-02,23625
936,937,6,4,2018-11-07,980
937,938,6,5,2019-04-02,19665
938,939,6,5,2018-11-07,28517
939,940,6,4,2019-01-06,39523
940,941,6,2,2019-10-03,1143
941,942,6,6,2017-05-07,77
942,943,6,2,2017-05-08,1311
943,944,6,2,2020-06-01,2110955
944,945,6,3,2018-12-12,8958
945,946,6,2,2018-08-02,406824
946,947,6,4,2018-10-02,35055
947,948,6,2,2018-03-06,272366
948,949,6,2,2017-05-07,8489
949,950,6,5,2018-03-09,3424
950,951,6,1,2018-10-02,315
951,952,6,4,2018-12-12,1386
952,953,6,3,2018-10-02,209
953,954,6,5,2018-03-07,447
954,955,9,5,2019-03-04,92771
955,956,9,7,2018-04-04,45455
956,957,9,1,2018-09-03,351
957,958,9,1,2017-09-04,1776
958,959,9,7,2019-06-01,22563
959,960,9,2,2017-10-06,18182
960,961,9,2,2018-06-04,1894
961,962,9,3,2019-03-07,12565
962,963,9,7,2018-03-07,1794
963,964,9,4,2018-09-03,14144
964,965,9,7,2019-01-04,4736
965,966,9,2,2018-11-01,6165
966,967,9,5,2019-06-05,10752
967,968,9,5,2018-03-11,132692
968,969,9,5,2019-02-04,9225
969,970,9,4,2019-05-06,17731
970,971,9,5,2017-03-05,19845
971,972,9,7,2019-05-06,15156
972,973,9,4,2018-05-04,40935
973,974,9,4,2019-06-01,44005
974,975,9,4,2019-03-04,43948
975,976,9,4,2017-09-04,93668
976,977,9,3,2017-10-03,267
977,978,9,8,2019-02-04,6218
978,979,9,5,2019-03-07,116
979,980,9,3,2018-05-07,31575
980,981,9,3,2019-06-03,28095
981,982,9,1,2017-12-11,25683
982,983,9,2,2017-03-05,51188
983,984,9,3,2018-11-01,20706
984,985,9,2,2020-02-03,4364
985,986,9,1,2020-02-03,1524
986,987,9,6,2017-10-08,239
987,988,9,7,2018-11-01,13441
988,989,9,2,2017-10-08,3561
989,990,9,5,2018-06-04,4765
990,991,9,3,2017-02-08,10842
991,992,9,3,2018-12-06,57872
992,993,9,2,2019-02-04,47418
993,994,9,3,2019-05-06,365904
994,995,9,2,2017-04-07,73215
995,996,9,2,2019-01-01,45995
996,997,9,3,2017-12-11,7172
997,998,9,6,2017-04-11,15408
998,999,9,2,2018-05-04,15096
999,1000,9,6,2017-09-04,28336
1000,1001,9,8,2018-06-04,54056
1001,1002,9,2,2017-04-11,184234
1002,1003,9,4,2018-02-07,468
1003,1004,9,3,2017-04-11,1584
1004,1005,9,5,2018-02-07,5016
1005,1006,9,1,2018-02-07,18855
1006,1007,9,4,2018-03-07,2502
1007,1008,9,4,2018-05-07,176231
1008,1009,9,7,2017-09-04,30452
1009,1010,9,7,2018-12-06,14085
1010,1011,9,2,2018-03-11,34225
1011,1012,9,6,2017-02-08,4112
1012,1013,9,1,2017-02-08,10689
1013,1014,9,3,2018-03-07,15056
1014,1015,9,6,2019-06-03,3101
1015,1016,9,4,2020-02-03,204
1016,1017,9,7,2017-10-06,1275
